GHz,dB
0,-0.407666907,
0.02,-0.550944526,
0.04,-0.751760477,
0.06,-0.870868673,
0.08,-0.923936379,
0.1,-1.00722421,
0.12,-1.16232087,
0.14,-1.32246257,
0.16,-1.4068203,
0.18,-1.41939124,
0.2,-1.44428003,
0.22,-1.54206713,
0.24,-1.66913142,
0.26,-1.7468458,
0.28,-1.76491978,
0.3,-1.79295569,
0.32,-1.88753516,
0.34,-2.01256494,
0.36,-2.08989137,
0.38,-2.09796099,
0.4,-2.09563857,
0.42,-2.1510955,
0.44,-2.25294324,
0.46,-2.33051879,
0.48,-2.35076166,
0.5,-2.35896303,
0.52,-2.41670546,
0.54,-2.51802068,
0.56,-2.59754214,
0.58,-2.61724361,
0.6,-2.6126659,
0.62,-2.65006028,
0.64,-2.74008955,
0.66,-2.82444508,
0.68,-2.85407347,
0.7,-2.84912929,
0.72,-2.87013484,
0.74,-2.93869625,
0.76,-3.01222641,
0.78,-3.04472269,
0.8,-3.05089107,
0.82,-3.08737414,
0.84,-3.17769292,
0.86,-3.27579675,
0.88,-3.32265681,
0.9,-3.31591042,
0.92,-3.30535692,
0.94,-3.3341251,
0.96,-3.38861157,
0.98,-3.42770436,
1,-3.4477049,
1.02,-3.49121768,
1.04,-3.58769607,
1.06,-3.70266798,
1.08,-3.7734609,
1.1,-3.77748579,
1.12,-3.74935265,
1.14,-3.73972918,
1.16,-3.76447948,
1.18,-3.79777014,
1.2,-3.82498128,
1.22,-3.87260164,
1.24,-3.9702802,
1.26,-4.09630857,
1.28,-4.19049677,
1.3,-4.21501561,
1.32,-4.18543267,
1.34,-4.14978492,
1.36,-4.14320497,
1.38,-4.16029607,
1.4,-4.18402679,
1.42,-4.22546472,
1.44,-4.31122114,
1.46,-4.43422557,
1.48,-4.54271527,
1.5,-4.58929254,
1.52,-4.57192539,
1.54,-4.52763492,
1.56,-4.49959458,
1.58,-4.50046846,
1.6,-4.51594005,
1.62,-4.54374086,
1.64,-4.60521883,
1.66,-4.70691443,
1.68,-4.81344343,
1.7,-4.87564841,
1.72,-4.87640972,
1.74,-4.84039417,
1.76,-4.8095138,
1.78,-4.80679484,
1.8,-4.82130783,
1.82,-4.83978864,
1.84,-4.87412562,
1.86,-4.94090984,
1.88,-5.02662818,
1.9,-5.09163274,
1.92,-5.10960243,
1.94,-5.09272648,
1.96,-5.07853052,
1.98,-5.09178921,
2,-5.12196943,
2.02,-5.14628253,
2.04,-5.16373675,
2.06,-5.19400974,
2.08,-5.24501833,
2.1,-5.29664853,
2.12,-5.32434193,
2.14,-5.33011559,
2.16,-5.34312136,
2.18,-5.38564603,
2.2,-5.44543361,
2.22,-5.49107877,
2.24,-5.50907549,
2.26,-5.51382659,
2.28,-5.52694697,
2.3,-5.55176438,
2.32,-5.57566275,
2.34,-5.59615296,
2.36,-5.63162757,
2.38,-5.69966637,
2.4,-5.7878382,
2.42,-5.8593335,
2.44,-5.8907659,
2.46,-5.88665933,
2.48,-5.8709358,
2.5,-5.86445029,
2.52,-5.871278,
2.54,-5.88922634,
2.56,-5.92918597,
2.58,-6.00341771,
2.6,-6.10263351,
2.62,-6.19164807,
2.64,-6.2396164,
2.66,-6.24050681,
2.68,-6.2124018,
2.7,-6.18279312,
2.72,-6.1688235,
2.74,-6.17359546,
2.76,-6.20068866,
2.78,-6.25923604,
2.8,-6.34608967,
2.82,-6.43473281,
2.84,-6.49250022,
2.86,-6.50461293,
2.88,-6.48168445,
2.9,-6.44968558,
2.92,-6.43054308,
2.94,-6.42872217,
2.96,-6.44238814,
2.98,-6.47600802,
3,-6.53700037,
3.02,-6.63750297,
3.04,-6.68106672,
3.06,-6.68350465,
3.08,-6.68069281,
3.1,-6.68444246,
3.12,-6.66514958,
3.14,-6.67675657,
3.16,-6.69401048,
3.18,-6.71073389,
3.2,-6.7337092,
3.22,-6.76847862,
3.24,-6.8155624,
3.26,-6.9201301,
3.28,-6.93304737,
3.3,-6.92147773,
3.32,-7.03475092,
3.34,-7.12482923,
3.36,-7.04960267,
3.38,-7.05801551,
3.4,-7.05762478,
3.42,-7.05331944,
3.44,-7.05821121,
3.46,-7.07781009,
3.48,-7.11891217,
3.5,-7.19076988,
3.52,-7.29374296,
3.54,-7.40610081,
3.56,-7.49395585,
3.58,-7.53584132,
3.6,-7.5290189,
3.62,-7.49519276,
3.64,-7.46805992,
3.66,-7.46703443,
3.68,-7.50466603,
3.7,-7.59228041,
3.72,-7.7229521,
3.74,-7.86893309,
3.76,-7.99121488,
3.78,-8.06190343,
3.8,-8.07091812,
3.82,-8.0283467,
3.84,-7.96357843,
3.86,-7.914831,
3.88,-7.91331886,
3.9,-7.97357863,
3.92,-8.09073718,
3.94,-8.23748086,
3.96,-8.37420979,
3.98,-8.46603368,
4,-8.49416458,
4.02,-8.45705986,
4.04,-8.37511956,
4.06,-8.28898009,
4.08,-8.23927534,
4.1,-8.25049583,
4.12,-8.32537129,
4.14,-8.44465057,
4.16,-8.57304586,
4.18,-8.6736077,
4.2,-8.71899535,
4.22,-8.69721821,
4.24,-8.61837587,
4.26,-8.51590179,
4.28,-8.43317666,
4.3,-8.40021405,
4.32,-8.42606977,
4.34,-8.50040273,
4.36,-8.59895289,
4.38,-8.68941939,
4.4,-8.74130094,
4.42,-8.73631263,
4.44,-8.67620131,
4.46,-8.5863394,
4.48,-8.50433356,
4.5,-8.45821045,
4.52,-8.45568063,
4.54,-8.49046942,
4.56,-8.54930652,
4.58,-8.61275608,
4.6,-8.65853069,
4.62,-8.66842185,
4.64,-8.64019167,
4.66,-8.59147633,
4.68,-8.5502353,
4.7,-8.53351468,
4.72,-8.54071006,
4.74,-8.5616316,
4.76,-8.58960783,
4.78,-8.6216582,
4.8,-8.65170857,
4.82,-8.67242901,
4.84,-8.68139202,
4.86,-8.68941976,
4.88,-8.71022849,
4.9,-8.74795702,
4.92,-8.78967328,
4.94,-8.82031295,
4.96,-8.83303017,
4.98,-8.83687294,
5,-8.84288141,
5.02,-8.85924426,
5.04,-8.88795516,
5.06,-8.93350613,
5.08,-8.99861377,
5.1,-9.07655313,
5.12,-9.14822238,
5.14,-9.19290989,
5.16,-9.20092245,
5.18,-9.18215453,
5.2,-9.1586863,
5.22,-9.15071112,
5.24,-9.16791653,
5.26,-9.21270519,
5.28,-9.28298166,
5.3,-9.36837826,
5.32,-9.4489493,
5.34,-9.50066042,
5.36,-9.50948079,
5.38,-9.4804553,
5.4,-9.43606913,
5.42,-9.40215738,
5.44,-9.39421306,
5.46,-9.41473015,
5.48,-9.46133075,
5.5,-9.52585206,
5.52,-9.59295094,
5.54,-9.64157303,
5.56,-9.65476312,
5.58,-9.63261634,
5.6,-9.59321299,
5.62,-9.55946728,
5.64,-9.54537932,
5.66,-9.55215865,
5.68,-9.57566904,
5.7,-9.61289158,
5.72,-9.66057124,
5.74,-9.71223351,
5.76,-9.75645509,
5.78,-9.76821546,
5.8,-9.7524494,
5.82,-9.74684645,
5.84,-9.76019556,
5.86,-9.78347148,
5.88,-9.80573701,
5.9,-9.82698252,
5.92,-9.84935894,
5.94,-9.8755824,
5.96,-9.91466087,
5.98,-9.96922883,
6,-10.0401337,
6.02,-10.1255422,
6.04,-10.2134897,
6.06,-10.2861403,
6.08,-10.3313935,
6.1,-10.3496745,
6.12,-10.3571124,
6.14,-10.3774566,
6.16,-10.4304003,
6.18,-10.5255903,
6.2,-10.6641296,
6.22,-10.8426656,
6.24,-11.0515683,
6.26,-11.1150427,
6.28,-11.057149,
6.3,-11.072985,
6.32,-11.1169177,
6.34,-11.1651549,
6.36,-11.1166053,
6.38,-11.0928982,
6.4,-11.1774124,
6.42,-11.3073462,
6.44,-11.4496293,
6.46,-11.5748345,
6.48,-11.6595392,
6.5,-11.6901826,
6.52,-11.6715181,
6.54,-11.6273472,
6.56,-11.5916436,
6.58,-11.592962,
6.6,-11.6455868,
6.62,-11.7430638,
6.64,-11.8674927,
6.66,-11.9913139,
6.68,-12.0857842,
6.7,-12.1291992,
6.72,-12.1141181,
6.74,-12.0547619,
6.76,-11.9813017,
6.78,-11.9272969,
6.8,-11.9166727,
6.82,-11.95718,
6.84,-12.0398106,
6.86,-12.1421929,
6.88,-12.2344243,
6.9,-12.2864426,
6.92,-12.2818017,
6.94,-12.2230624,
6.96,-12.1323578,
6.98,-12.041199,
7,-11.9778515,
7.02,-11.9592459,
7.04,-11.9871669,
7.06,-12.0488479,
7.08,-12.1190244,
7.1,-12.167187,
7.12,-12.1700078,
7.14,-12.1200778,
7.16,-12.0311293,
7.18,-11.9293534,
7.2,-11.8406324,
7.22,-11.7847914,
7.24,-11.7682795,
7.26,-11.7868172,
7.28,-11.8229947,
7.3,-11.8511626,
7.32,-11.8549025,
7.34,-11.8233348,
7.36,-11.759193,
7.38,-11.6808461,
7.4,-11.6098075,
7.42,-11.5596994,
7.44,-11.5347562,
7.46,-11.5334435,
7.48,-11.5485314,
7.5,-11.5689093,
7.52,-11.580763,
7.54,-11.5748319,
7.56,-11.5531272,
7.58,-11.5285284,
7.6,-11.5124971,
7.62,-11.5085727,
7.64,-11.5118429,
7.66,-11.5183813,
7.68,-11.5275467,
7.7,-11.5413107,
7.72,-11.5577271,
7.74,-11.5751625,
7.76,-11.5952739,
7.78,-11.6223774,
7.8,-11.6595381,
7.82,-11.7005311,
7.84,-11.7336687,
7.86,-11.7504529,
7.88,-11.7534789,
7.9,-11.7524686,
7.92,-11.757176,
7.94,-11.772656,
7.96,-11.8006634,
7.98,-11.8426695,
8,-11.8961472,
8.02,-11.9509902,
8.04,-11.9923474,
8.06,-12.0099859,
8.08,-12.0051411,
8.1,-11.9892392,
8.12,-11.9771602,
8.14,-11.9785403,
8.16,-11.9954595,
8.18,-12.0276611,
8.2,-12.0711293,
8.22,-12.1179739,
8.24,-12.1559122,
8.26,-12.1749451,
8.28,-12.1752966,
8.3,-12.1671854,
8.32,-12.1643668,
8.34,-12.1742399,
8.36,-12.1968484,
8.38,-12.2276765,
8.4,-12.2639601,
8.42,-12.3036171,
8.44,-12.342737,
8.46,-12.3773384,
8.48,-12.4091764,
8.5,-12.4444079,
8.52,-12.4903861,
8.54,-12.5498617,
8.56,-12.6182827,
8.58,-12.6943573,
8.6,-12.7711116,
8.62,-12.8017744,
8.64,-12.8432097,
8.66,-12.8982537,
8.68,-12.957894,
8.7,-13.0370208,
8.72,-13.1322224,
8.74,-13.2352522,
8.76,-13.3338775,
8.78,-13.4177418,
8.8,-13.4823014,
8.82,-13.5333077,
8.84,-13.5800518,
8.86,-13.633725,
8.88,-13.7028608,
8.9,-13.7916554,
8.92,-13.8977025,
8.94,-14.0124669,
8.96,-14.1212638,
8.98,-14.2113433,
9,-14.2744625,
9.02,-14.3177054,
9.04,-14.3647925,
9.06,-14.4171591,
9.08,-14.4647894,
9.1,-14.4937725,
9.12,-14.558061,
9.14,-14.6664327,
9.16,-14.8100322,
9.18,-14.934693,
9.2,-14.9872107,
9.22,-14.9994117,
9.24,-14.9896505,
9.26,-14.9686956,
9.28,-14.9507075,
9.3,-14.9526497,
9.32,-14.9857475,
9.34,-15.0528133,
9.36,-15.1412251,
9.38,-15.2290418,
9.4,-15.2959976,
9.42,-15.329417,
9.44,-15.3289107,
9.46,-15.3005501,
9.48,-15.2591865,
9.5,-15.2225245,
9.52,-15.2110075,
9.54,-15.2345616,
9.56,-15.2899345,
9.58,-15.359908,
9.6,-15.4212213,
9.62,-15.4566674,
9.64,-15.4576997,
9.66,-15.4253229,
9.68,-15.366533,
9.7,-15.2980207,
9.72,-15.2395819,
9.74,-15.2100047,
9.76,-15.215012,
9.78,-15.2466118,
9.8,-15.2853942,
9.82,-15.311172,
9.84,-15.3096521,
9.86,-15.2753009,
9.88,-15.2085059,
9.9,-15.1189154,
9.92,-15.0258233,
9.94,-14.9492515,
9.96,-14.9027556,
9.98,-14.887796,
10,-14.8916548,
10.02,-14.8969626,
10.04,-14.8873155,
10.06,-14.8507486,
10.08,-14.7842678,
10.1,-14.6918478,
10.12,-14.5896824,
10.14,-14.4951547,
10.16,-14.4253846,
10.18,-14.3838819,
10.2,-14.3652464,
10.22,-14.3579858,
10.24,-14.3480122,
10.26,-14.3249331,
10.28,-14.2843524,
10.3,-14.2292036,
10.32,-14.1690694,
10.34,-14.115966,
10.36,-14.0781098,
10.38,-14.0579263,
10.4,-14.0526679,
10.42,-14.0574887,
10.44,-14.0675711,
10.46,-14.0794284,
10.48,-14.0908579,
10.5,-14.1027445,
10.52,-14.1164096,
10.54,-14.1327493,
10.56,-14.1504473,
10.58,-14.1668502,
10.6,-14.1810626,
10.62,-14.1970801,
10.64,-14.2184845,
10.66,-14.2511312,
10.68,-14.2974104,
10.7,-14.3525421,
10.72,-14.4080289,
10.74,-14.4620366,
10.76,-14.5103767,
10.78,-14.5413627,
10.8,-14.5483178,
10.82,-14.54368,
10.84,-14.5413663,
10.86,-14.550172,
10.88,-14.5743238,
10.9,-14.6144119,
10.92,-14.6640787,
10.94,-14.7121443,
10.96,-14.7476584,
10.98,-14.7661814,
11,-14.7666568,
11.02,-14.7533531,
11.04,-14.7362776,
11.06,-14.7263302,
11.08,-14.7310672,
11.1,-14.750504,
11.12,-14.7804576,
11.14,-14.8124256,
11.16,-14.8358754,
11.18,-14.8445101,
11.2,-14.8358771,
11.22,-14.8152907,
11.24,-14.7904642,
11.26,-14.7728392,
11.28,-14.7685571,
11.3,-14.7771245,
11.32,-14.7938015,
11.34,-14.8119468,
11.36,-14.8258182,
11.38,-14.8310838,
11.4,-14.8277352,
11.42,-14.8205546,
11.44,-14.8167283,
11.46,-14.8224689,
11.48,-14.8401916,
11.5,-14.865164,
11.52,-14.8906898,
11.54,-14.9114566,
11.56,-14.9254863,
11.58,-14.9356639,
11.6,-14.9477949,
11.62,-14.9682068,
11.64,-15.0018546,
11.66,-15.0518289,
11.68,-15.1129733,
11.7,-15.1775421,
11.72,-15.2385727,
11.74,-15.2960008,
11.76,-15.3573656,
11.78,-15.3961324,
11.8,-15.3808108,
11.82,-15.3532927,
11.84,-15.3588913,
11.86,-15.4048281,
11.88,-15.4721273,
11.9,-15.5425527,
11.92,-15.6025499,
11.94,-15.6466386,
11.96,-15.6719328,
11.98,-15.6708756,
12,-15.659802,
12.02,-15.6677111,
12.04,-15.706302,
12.06,-15.7711805,
12.08,-15.8500033,
12.1,-15.9257473,
12.12,-15.9813497,
12.14,-16.0087337,
12.16,-16.0065439,
12.18,-15.9862734,
12.2,-15.9644142,
12.22,-15.9589551,
12.24,-15.9791629,
12.26,-16.0263106,
12.28,-16.091418,
12.3,-16.1586915,
12.32,-16.2113168,
12.34,-16.2371833,
12.36,-16.2321195,
12.38,-16.2040221,
12.4,-16.1670691,
12.42,-16.1397359,
12.44,-16.1341666,
12.46,-16.1553462,
12.48,-16.198972,
12.5,-16.2512755,
12.52,-16.2965232,
12.54,-16.3215127,
12.56,-16.3175312,
12.58,-16.2880222,
12.6,-16.2450742,
12.62,-16.2040182,
12.64,-16.1799279,
12.66,-16.1799298,
12.68,-16.2023386,
12.7,-16.2394375,
12.72,-16.2778315,
12.74,-16.3039021,
12.76,-16.3084414,
12.78,-16.2897209,
12.8,-16.2546668,
12.82,-16.2163739,
12.84,-16.1888828,
12.86,-16.1793658,
12.88,-16.1894415,
12.9,-16.2146869,
12.92,-16.2467659,
12.94,-16.2761354,
12.96,-16.2925581,
12.98,-16.2908546,
13,-16.2750019,
13.02,-16.2529689,
13.04,-16.2366208,
13.06,-16.2309923,
13.08,-16.2383148,
13.1,-16.2574873,
13.12,-16.2857583,
13.14,-16.3169635,
13.16,-16.3442886,
13.18,-16.3614118,
13.2,-16.3677021,
13.22,-16.3676993,
13.24,-16.3688418,
13.26,-16.3751379,
13.28,-16.3877363,
13.3,-16.4083894,
13.32,-16.438886,
13.34,-16.4810709,
13.36,-16.5292797,
13.38,-16.5689794,
13.4,-16.5842092,
13.42,-16.5836233,
13.44,-16.584795,
13.46,-16.593004,
13.48,-16.6035715,
13.5,-16.6129777,
13.52,-16.6223947,
13.54,-16.6359451,
13.56,-16.6566091,
13.58,-16.681471,
13.6,-16.7034294,
13.62,-16.7206786,
13.64,-16.73379,
13.66,-16.7439365,
13.68,-16.7522974,
13.7,-16.7594685,
13.72,-16.7690447,
13.74,-16.7858309,
13.76,-16.8104633,
13.78,-16.8393858,
13.8,-16.8659872,
13.82,-16.8866002,
13.84,-16.9011776,
13.86,-16.9115193,
13.88,-16.9188289,
13.9,-16.9243101,
13.92,-16.9316326,
13.94,-16.9450651,
13.96,-16.9670887,
13.98,-16.9953113,
14,-17.022396,
14.02,-17.0433845,
14.04,-17.0557495,
14.06,-17.0638022,
14.08,-17.0693796,
14.1,-17.0743377,
14.12,-17.0811608,
14.14,-17.0942071,
14.16,-17.1159907,
14.18,-17.1440809,
14.2,-17.1710051,
14.22,-17.1898409,
14.24,-17.1992718,
14.26,-17.2030491,
14.28,-17.2049362,
14.3,-17.2087152,
14.32,-17.2162767,
14.34,-17.2307898,
14.36,-17.2535501,
14.38,-17.2827228,
14.4,-17.3113565,
14.42,-17.3311363,
14.44,-17.340728,
14.46,-17.3452061,
14.48,-17.3503239,
14.5,-17.361854,
14.52,-17.381109,
14.54,-17.4132955,
14.56,-17.4559589,
14.58,-17.4988361,
14.6,-17.5281935,
14.62,-17.5425841,
14.64,-17.5458556,
14.66,-17.5451984,
14.68,-17.547163,
14.7,-17.5583052,
14.72,-17.5779998,
14.74,-17.603011,
14.76,-17.6300777,
14.78,-17.6618694,
14.8,-17.6931182,
14.82,-17.7171228,
14.84,-17.7291565,
14.86,-17.7325009,
14.88,-17.7358445,
14.9,-17.7458921,
14.92,-17.7660115,
14.94,-17.7949438,
14.96,-17.8314058,
14.98,-17.8727846,
15,-17.9143567,
15.02,-17.947896,
15.04,-17.9671182,
15.06,-17.9739968,
15.08,-17.9781217,
15.1,-17.9884522,
15.12,-18.0084592,
15.14,-18.038898,
15.16,-18.0771,
15.18,-18.1224665,
15.2,-18.1680647,
15.22,-18.2068424,
15.24,-18.2308973,
15.26,-18.2394071,
15.28,-18.2415348,
15.3,-18.2464987,
15.32,-18.2621304,
15.34,-18.2913371,
15.36,-18.3313833,
15.38,-18.3802563,
15.4,-18.4330423,
15.42,-18.4810356,
15.44,-18.5139158,
15.46,-18.5278348,
15.48,-18.5293003,
15.5,-18.5293,
15.52,-18.541774,
15.54,-18.5711971,
15.56,-18.6177416,
15.58,-18.6742269,
15.6,-18.7310812,
15.62,-18.7837775,
15.64,-18.8223713,
15.66,-18.8375544,
15.68,-18.8269254,
15.7,-18.8041899,
15.72,-18.7860399,
15.74,-18.7852869,
15.76,-18.8049489,
15.78,-18.8428759,
15.8,-18.8954954,
15.82,-18.9522815,
15.84,-18.9985949,
15.86,-19.0226231,
15.88,-19.0210699,
15.9,-19.0032419,
15.92,-18.9854496,
15.94,-18.9800384,
15.96,-18.9939484,
15.98,-19.0280567,
16,-19.0802489,
16.02,-19.1421948,
16.04,-19.1982429,
16.06,-19.2323695,
16.08,-19.2379334,
16.1,-19.2196534,
16.12,-19.192704,
16.14,-19.1729356,
16.16,-19.1697802,
16.18,-19.1879507,
16.2,-19.2268019,
16.22,-19.2802026,
16.24,-19.333938,
16.26,-19.3726358,
16.28,-19.383958,
16.3,-19.3694073,
16.32,-19.3395686,
16.34,-19.3114422,
16.36,-19.2978115,
16.38,-19.3010172,
16.4,-19.3226827,
16.42,-19.3581083,
16.44,-19.397725,
16.46,-19.4245095,
16.48,-19.4310188,
16.5,-19.4155722,
16.52,-19.3888113,
16.54,-19.3613335,
16.56,-19.3427918,
16.58,-19.3347452,
16.6,-19.3355472,
16.62,-19.3460105,
16.64,-19.3653671,
16.66,-19.3888151,
16.68,-19.40827,
16.7,-19.4204462,
16.72,-19.4310135,
16.74,-19.447301,
16.76,-19.4709688,
16.78,-19.4922474,
16.8,-19.5037215,
16.82,-19.5070032,
16.84,-19.5152111,
16.86,-19.5390682,
16.88,-19.5836639,
16.9,-19.6476489,
16.92,-19.7306151,
16.94,-19.8220358,
16.96,-19.8972481,
16.98,-19.9506307,
17,-19.9757138,
17.02,-19.9679217,
17.04,-19.9454473,
17.06,-19.9368235,
17.08,-19.9661911,
17.1,-20.0460702,
17.12,-20.1729968,
17.14,-20.3263022,
17.16,-20.4637418,
17.18,-20.555943,
17.2,-20.5982718,
17.22,-20.5887851,
17.24,-20.5483533,
17.26,-20.5155707,
17.28,-20.5230405,
17.3,-20.5888786,
17.32,-20.7143356,
17.34,-20.881725,
17.36,-21.0567192,
17.38,-21.1978424,
17.4,-21.2742501,
17.42,-21.2778718,
17.44,-21.2288052,
17.46,-21.1652008,
17.48,-21.1284276,
17.5,-21.1506124,
17.52,-21.2428248,
17.54,-21.39182,
17.56,-21.5632544,
17.58,-21.7127133,
17.6,-21.8035332,
17.62,-21.8199041,
17.64,-21.7715206,
17.66,-21.689049,
17.68,-21.6134167,
17.7,-21.5829304,
17.72,-21.6203221,
17.74,-21.7250999,
17.76,-21.8712517,
17.78,-22.016399,
17.8,-22.1177791,
17.82,-22.1485364,
17.84,-22.1063702,
17.86,-22.0116889,
17.88,-21.9015798,
17.9,-21.8172271,
17.92,-21.7905003,
17.94,-21.8337317,
17.96,-21.9346184,
17.98,-22.0589,
18,-22.1624518,
18.02,-22.2088115,
18.04,-22.1823065,
18.06,-22.0922121,
18.08,-21.9673465,
18.1,-21.8469367,
18.12,-21.7675811,
18.14,-21.7506694,
18.16,-21.7973345,
18.18,-21.8859169,
18.2,-21.9783569,
18.22,-22.0337258,
18.24,-22.0246189,
18.26,-21.9475426,
18.28,-21.823547,
18.3,-21.6895765,
18.32,-21.5823048,
18.34,-21.5256927,
18.36,-21.5262102,
18.38,-21.5739714,
18.4,-21.6429612,
18.42,-21.6980211,
18.44,-21.7081658,
18.46,-21.6615561,
18.48,-21.5689759,
18.5,-21.4582418,
18.52,-21.3601701,
18.54,-21.2960033,
18.56,-21.2737471,
18.58,-21.2909631,
18.6,-21.3347093,
18.62,-21.3813245,
18.64,-21.4040629,
18.66,-21.3864176,
18.68,-21.3324816,
18.7,-21.2625908,
18.72,-21.2006343,
18.74,-21.1604343,
18.76,-21.1435744,
18.78,-21.1492237,
18.8,-21.1749405,
18.82,-21.2112121,
18.84,-21.2414213,
18.86,-21.2508461,
18.88,-21.238917,
18.9,-21.2204041,
18.92,-21.2102146,
18.94,-21.2133099,
18.96,-21.2236036,
18.98,-21.2377146,
19,-21.259377,
19.02,-21.2921725,
19.04,-21.3299505,
19.06,-21.3625068,
19.08,-21.3875384,
19.1,-21.4151988,
19.12,-21.4576249,
19.14,-21.5146211,
19.16,-21.576783,
19.18,-21.6336257,
19.2,-21.6796642,
19.22,-21.7131372,
19.24,-21.7370792,
19.26,-21.7565158,
19.28,-21.7724797,
19.3,-21.7929552,
19.32,-21.827834,
19.34,-21.8768555,
19.36,-21.9284346,
19.38,-21.9730136,
19.4,-22.0125654,
19.42,-22.0572488,
19.44,-22.1096913,
19.46,-22.1606694,
19.48,-22.2014224,
19.5,-22.2360729,
19.52,-22.2762788,
19.54,-22.3290428,
19.56,-22.389101,
19.58,-22.4490028,
19.6,-22.5092042,
19.62,-22.5764833,
19.64,-22.6502965,
19.66,-22.7160697,
19.68,-22.7598783,
19.7,-22.7827028,
19.72,-22.8017508,
19.74,-22.8356342,
19.76,-22.8901011,
19.78,-22.9600431,
19.8,-23.042503,
19.82,-23.1387099,
19.84,-23.2422998,
19.86,-23.3353998,
19.88,-23.3975975,
19.9,-23.4274463,
19.92,-23.4451214,
19.94,-23.4813569,
19.96,-23.557685,
19.98,-23.6791526,
20,-23.8353744,
20.02,-24.0003768,
20.04,-24.1276837,
20.06,-24.1779819,
20.08,-24.1573515,
20.1,-24.1063363,
20.12,-24.0676815,
20.14,-24.0729541,
20.16,-24.1345317,
20.18,-24.2323898,
20.2,-24.3159304,
20.22,-24.3491149,
20.24,-24.3428111,
20.26,-24.325644,
20.28,-24.3076542,
20.3,-24.279034,
20.32,-24.2347938,
20.34,-24.1855731,
20.36,-24.1499247,
20.38,-24.1370492,
20.4,-24.1415257,
20.42,-24.1581932,
20.44,-24.1882456,
20.46,-24.2335211,
20.48,-24.282162,
20.5,-24.3142171,
20.52,-24.3173585,
20.54,-24.2995283,
20.56,-24.2805974,
20.58,-24.2744861,
20.6,-24.2788909,
20.62,-24.2855748,
20.64,-24.2955389,
20.66,-24.31693,
20.68,-24.3508339,
20.7,-24.3827128,
20.72,-24.3974003,
20.74,-24.3946625,
20.76,-24.38919,
20.78,-24.3930778,
20.8,-24.4028775,
20.82,-24.4057613,
20.84,-24.3991295,
20.86,-24.3955268,
20.88,-24.4096576,
20.9,-24.441753,
20.92,-24.4802227,
20.94,-24.519008,
20.96,-24.5657519,
20.98,-24.6264984,
21,-24.6900565,
21.02,-24.7339866,
21.04,-24.747629,
21.06,-24.7479292,
21.08,-24.7704645,
21.1,-24.8470704,
21.12,-24.9796562,
21.14,-25.1337251,
21.16,-25.2561468,
21.18,-25.3025635,
21.2,-25.2604442,
21.22,-25.1528828,
21.24,-25.0139325,
21.26,-24.8707779,
21.28,-24.7455281,
21.3,-24.6551014,
21.32,-24.6009393,
21.34,-24.5716311,
21.36,-24.5584087,
21.38,-24.5632545,
21.4,-24.5844318,
21.42,-24.6034478,
21.44,-24.5968093,
21.46,-24.5570883,
21.48,-24.5022193,
21.5,-24.4591515,
21.52,-24.4407403,
21.54,-24.4404502,
21.56,-24.447839,
21.58,-24.4640878,
21.6,-24.4927433,
21.62,-24.5254404,
21.64,-24.5425691,
21.66,-24.5361232,
21.68,-24.5206161,
21.7,-24.5200315,
21.72,-24.5415433,
21.74,-24.5694258,
21.76,-24.5838435,
21.78,-24.5854629,
21.8,-24.5915026,
21.82,-24.6149648,
21.84,-24.6552492,
21.86,-24.7094537,
21.88,-24.7864243,
21.9,-24.8950067,
21.92,-25.0196585,
21.94,-25.1216556,
21.96,-25.1689322,
21.98,-25.1629495,
22,-25.1370202,
22.02,-25.1320005,
22.04,-25.1722401,
22.06,-25.2652199,
22.08,-25.4089297,
22.1,-25.5877189,
22.12,-25.7643608,
22.14,-25.8868298,
22.16,-25.9209382,
22.18,-25.870424,
22.2,-25.7753307,
22.22,-25.6923021,
22.24,-25.6710844,
22.26,-25.7364073,
22.28,-25.8870008,
22.3,-26.0979003,
22.32,-26.3156635,
22.34,-26.4730791,
22.36,-26.5239204,
22.38,-26.4637503,
22.4,-26.3296936,
22.42,-26.1859793,
22.44,-26.1014062,
22.46,-26.1242299,
22.48,-26.2663809,
22.5,-26.4989221,
22.52,-26.7561802,
22.54,-26.9556528,
22.56,-27.0388529,
22.58,-26.9926834,
22.6,-26.847221,
22.62,-26.6617823,
22.64,-26.5086548,
22.66,-26.4493206,
22.68,-26.514722,
22.7,-26.6938224,
22.72,-26.9322771,
22.74,-27.1489295,
22.76,-27.270443,
22.78,-27.2648274,
22.8,-27.1473465,
22.82,-26.9655254,
22.84,-26.7861053,
22.86,-26.6735725,
22.88,-26.6713249,
22.9,-26.7868637,
22.92,-26.9876342,
22.94,-27.2082781,
22.96,-27.3707193,
22.98,-27.4236413,
23,-27.3595651,
23.02,-27.2106682,
23.04,-27.0333849,
23.06,-26.8899323,
23.08,-26.828516,
23.1,-26.8701789,
23.12,-27.0066832,
23.14,-27.2005145,
23.16,-27.3904262,
23.18,-27.5170397,
23.2,-27.5515746,
23.22,-27.506521,
23.24,-27.421396,
23.26,-27.3419502,
23.28,-27.2997792,
23.3,-27.3056199,
23.32,-27.3577407,
23.34,-27.4420365,
23.36,-27.52468,
23.38,-27.5660913,
23.4,-27.5470171,
23.42,-27.4754523,
23.44,-27.3788404,
23.46,-27.288314,
23.48,-27.2234282,
23.5,-27.1863959,
23.52,-27.1726997,
23.54,-27.1865963,
23.56,-27.2350077,
23.58,-27.3070282,
23.6,-27.374576,
23.62,-27.4185395,
23.64,-27.4436737,
23.66,-27.4699076,
23.68,-27.504048,
23.7,-27.5306727,
23.72,-27.5317068,
23.74,-27.512914,
23.76,-27.5026053,
23.78,-27.5248863,
23.8,-27.5818792,
23.82,-27.6602029,
23.84,-27.7528016,
23.86,-27.8579792,
23.88,-27.9607546,
23.9,-28.0316313,
23.92,-28.0432443,
23.94,-28.001465,
23.96,-27.9405794,
23.98,-27.9023095,
24,-27.9111588,
24.02,-27.9646658,
24.04,-28.0507042,
24.06,-28.1604658,
24.08,-28.2768093,
24.1,-28.3655573,
24.12,-28.3917646,
24.14,-28.3466905,
24.16,-28.2572352,
24.18,-28.1691357,
24.2,-28.1178979,
24.22,-28.1128122,
24.24,-28.1444762,
24.26,-28.2050285,
24.28,-28.2858239,
24.3,-28.3635088,
24.32,-28.4018134,
24.34,-28.3792215,
24.36,-28.3072702,
24.38,-28.2238131,
24.4,-28.1662454,
24.42,-28.1464753,
24.44,-28.1535766,
24.46,-28.1782618,
24.48,-28.2215745,
24.5,-28.2797367,
24.52,-28.3294506,
24.54,-28.3446461,
24.56,-28.3246939,
24.58,-28.2959759,
24.6,-28.2885306,
24.62,-28.3070447,
24.64,-28.3289979,
24.66,-28.3380656,
24.68,-28.3414687,
24.7,-28.3591873,
24.72,-28.3967877,
24.74,-28.4428132,
24.76,-28.4904688,
24.78,-28.5516302,
24.8,-28.6369042,
24.82,-28.7322764,
24.84,-28.7987569,
24.86,-28.811204,
24.88,-28.7772561,
24.9,-28.7329887,
24.92,-28.713546,
24.94,-28.736314,
24.96,-28.8018674,
24.98,-28.9094914,
25,-29.0494286,
25.02,-29.1871538,
25.04,-29.2708521,
25.06,-29.2660529,
25.08,-29.1781536,
25.1,-29.049675,
25.12,-28.9383672,
25.14,-28.8884379,
25.16,-28.9170026,
25.18,-29.020181,
25.2,-29.1766557,
25.22,-29.3410922,
25.24,-29.4502384,
25.26,-29.4602995,
25.28,-29.3701669,
25.3,-29.2199846,
25.32,-29.0726029,
25.34,-28.9827198,
25.36,-28.9790554,
25.38,-29.0622398,
25.4,-29.2132074,
25.42,-29.3903719,
25.44,-29.5305336,
25.46,-29.5806404,
25.48,-29.5279312,
25.5,-29.4052347,
25.52,-29.2711044,
25.54,-29.180654,
25.56,-29.163424,
25.58,-29.219734,
25.6,-29.33473,
25.62,-29.4822672,
25.64,-29.6170957,
25.66,-29.6912657,
25.68,-29.6862313,
25.7,-29.6263011,
25.72,-29.5639064,
25.74,-29.5445983,
25.76,-29.5835188,
25.78,-29.6655911,
25.8,-29.7749033,
25.82,-29.9048758,
25.84,-30.0437208,
25.86,-30.1657631,
25.88,-30.2549697,
25.9,-30.3228348,
25.92,-30.3964116,
25.94,-30.4886088,
25.96,-30.5800361,
25.98,-30.6413304,
26,-30.6626461,
26.02,-30.6608691,
26.04,-30.6561275,
26.06,-30.6585,
26.08,-30.6706547,
26.1,-30.7027592,
26.12,-30.7688287,
26.14,-30.8653937,
26.16,-30.9593624,
26.18,-31.0064227,
26.2,-30.9836279,
26.22,-30.9128612,
26.24,-30.8441766,
26.26,-30.8245233,
26.28,-30.8745004,
26.3,-30.9934771,
26.32,-31.1714388,
26.34,-31.3801255,
26.36,-31.5633164,
26.38,-31.660205,
26.4,-31.6482403,
26.42,-31.5557574,
26.44,-31.4444365,
26.46,-31.3749758,
26.48,-31.3817359,
26.5,-31.4694511,
26.52,-31.6260198,
26.54,-31.8229964,
26.56,-32.006525,
26.58,-32.1130682,
26.6,-32.1120176,
26.62,-32.0231535,
26.64,-31.9016149,
26.66,-31.8091145,
26.68,-31.7817569,
26.7,-31.8253675,
26.72,-31.9307254,
26.74,-32.0815948,
26.76,-32.2429535,
26.78,-32.3611009,
26.8,-32.3965001,
26.82,-32.3538946,
26.84,-32.2768012,
26.86,-32.2163236,
26.88,-32.2014479,
26.9,-32.2305158,
26.92,-32.2925219,
26.94,-32.3845612,
26.96,-32.4988064,
26.98,-32.606779,
27,-32.6749055,
27.02,-32.6943583,
27.04,-32.6894903,
27.06,-32.6936114,
27.08,-32.7194907,
27.1,-32.7522351,
27.12,-32.7794276,
27.14,-32.806706,
27.16,-32.8515964,
27.18,-32.9170644,
27.2,-32.9865138,
27.22,-33.0455965,
27.24,-33.1027278,
27.26,-33.1740795,
27.28,-33.2564061,
27.3,-33.3238028,
27.32,-33.3540577,
27.34,-33.3544633,
27.36,-33.3524427,
27.38,-33.3742889,
27.4,-33.4267022,
27.42,-33.5020108,
27.44,-33.601645,
27.46,-33.728982,
27.48,-33.871071,
27.5,-33.9906986,
27.52,-34.0535458,
27.54,-34.0583662,
27.56,-34.0360433,
27.58,-34.0268674,
27.6,-34.0517943,
27.62,-34.1115595,
27.64,-34.2015366,
27.66,-34.3244816,
27.68,-34.4670895,
27.7,-34.5943413,
27.72,-34.6654908,
27.74,-34.6711329,
27.76,-34.6354626,
27.78,-34.5957436,
27.8,-34.5771151,
27.82,-34.5822326,
27.84,-34.6106769,
27.86,-34.6701924,
27.88,-34.767132,
27.9,-34.8844227,
27.92,-34.9852581,
27.94,-35.0434815,
27.96,-35.065104,
27.98,-35.0729841,
28,-35.0784012,
28.02,-35.0754473,
28.04,-35.0626465,
28.06,-35.0592013,
28.08,-35.0941914,
28.1,-35.1795338,
28.12,-35.2954924,
28.14,-35.4068737,
28.16,-35.4938147,
28.18,-35.5539958,
28.2,-35.581631,
28.22,-35.5685846,
28.24,-35.5191835,
28.26,-35.4607889,
28.28,-35.4335323,
28.3,-35.4659394,
28.32,-35.55712,
28.34,-35.6766839,
28.36,-35.791489,
28.38,-35.8791437,
28.4,-35.9257455,
28.42,-35.9197719,
28.44,-35.8640211,
28.46,-35.7807925,
28.48,-35.7057744,
28.5,-35.6714024,
28.52,-35.6946554,
28.54,-35.7642442,
28.56,-35.8516225,
28.58,-35.9300958,
28.6,-35.9818948,
28.62,-35.9922935,
28.64,-35.9502349,
28.66,-35.8645595,
28.68,-35.758914,
28.7,-35.6661283,
28.72,-35.6151211,
28.74,-35.6187914,
28.76,-35.6687673,
28.78,-35.7450635,
28.8,-35.8279471,
28.82,-35.8980796,
28.84,-35.9317279,
28.86,-35.9170585,
28.88,-35.8597083,
28.9,-35.7850716,
28.92,-35.7280516,
28.94,-35.7163738,
28.96,-35.7578474,
28.98,-35.8430063,
29,-35.9545919,
29.02,-36.0737145,
29.04,-36.1748949,
29.06,-36.2293045,
29.08,-36.2259265,
29.1,-36.1782497,
29.12,-36.1213739,
29.14,-36.0919724,
29.16,-36.1091567,
29.18,-36.1704204,
29.2,-36.2614384,
29.22,-36.3671294,
29.24,-36.4712313,
29.26,-36.5461878,
29.28,-36.5707387,
29.3,-36.5450236,
29.32,-36.4949854,
29.34,-36.4544658,
29.36,-36.4481175,
29.38,-36.4770165,
29.4,-36.5287003,
29.42,-36.5935905,
29.44,-36.6672527,
29.46,-36.7379658,
29.48,-36.7834317,
29.5,-36.7894309,
29.52,-36.7630596,
29.54,-36.7308094,
29.56,-36.7147259,
29.58,-36.7188922,
29.6,-36.732599,
29.62,-36.7481161,
29.64,-36.7720408,
29.66,-36.8098594,
29.68,-36.8508648,
29.7,-36.8738667,
29.72,-36.8672004,
29.74,-36.8430083,
29.76,-36.822503,
29.78,-36.8128673,
29.8,-36.808657,
29.82,-36.802645,
29.84,-36.8014384,
29.86,-36.8188873,
29.88,-36.8544944,
29.9,-36.8896332,
29.92,-36.9036117,
29.94,-36.8969253,
29.96,-36.8853887,
29.98,-36.8835676,
30,-36.887813,
30.02,-36.893888,
30.04,-36.9042218,
30.06,-36.9334596,
30.08,-36.9848729,
30.1,-37.0433858,
30.12,-37.0836482,
30.14,-37.0948268,
30.16,-37.0917207,
30.18,-37.0929658,
30.2,-37.1078906,
30.22,-37.1340835,
30.24,-37.1722597,
30.26,-37.2320523,
30.28,-37.3145448,
30.3,-37.4023384,
30.32,-37.4643867,
30.34,-37.4832216,
30.36,-37.4695801,
30.38,-37.4533663,
30.4,-37.4611462,
30.42,-37.5047004,
30.44,-37.5865488,
30.46,-37.7084457,
30.48,-37.859872,
30.5,-38.0084572,
30.52,-38.1112756,
30.54,-38.1441839,
30.56,-38.1175675,
30.58,-38.0757069,
30.6,-38.0652742,
30.62,-38.117568,
30.64,-38.242243,
30.66,-38.4294169,
30.68,-38.6496528,
30.7,-38.8527625,
30.72,-38.9838994,
30.74,-39.016415,
30.76,-38.9638317,
30.78,-38.8748644,
30.8,-38.8079744,
30.82,-38.809486,
30.84,-38.9008479,
30.86,-39.0724411,
30.88,-39.2850026,
30.9,-39.4775092,
30.92,-39.5894589,
30.94,-39.5902878,
30.96,-39.494702,
30.98,-39.3468199,
31,-39.2045813,
31.02,-39.1225415,
31.04,-39.132756,
31.06,-39.237934,
31.08,-39.4074539,
31.1,-39.5836623,
31.12,-39.7011931,
31.14,-39.7230398,
31.16,-39.6476488,
31.18,-39.5053606,
31.2,-39.3444023,
31.22,-39.2156848,
31.24,-39.1626742,
31.26,-39.2053742,
31.28,-39.332327,
31.3,-39.5012608,
31.32,-39.6509853,
31.34,-39.72977,
31.36,-39.7163118,
31.38,-39.6243281,
31.4,-39.4881491,
31.42,-39.3524606,
31.44,-39.2586477,
31.46,-39.2387293,
31.48,-39.3010152,
31.5,-39.4285729,
31.52,-39.5778684,
31.54,-39.6919691,
31.56,-39.7339842,
31.58,-39.6961591,
31.6,-39.5977466,
31.62,-39.4717864,
31.64,-39.3581087,
31.66,-39.2890036,
31.68,-39.2890043,
31.7,-39.3589093,
31.72,-39.4783276,
31.74,-39.6043867,
31.76,-39.6919663,
31.78,-39.7196756,
31.8,-39.6911305,
31.82,-39.6284862,
31.84,-39.5629885,
31.86,-39.5209628,
31.88,-39.5209659,
31.9,-39.5696015,
31.92,-39.6643459,
31.94,-39.7863696,
31.96,-39.9049769,
31.98,-39.993922,
32,-40.0458081,
32.02,-40.0680152,
32.04,-40.0745835,
32.06,-40.078089,
32.08,-40.0852783,
32.1,-40.104246,
32.12,-40.1438949,
32.14,-40.2076227,
32.16,-40.2863518,
32.18,-40.3629937,
32.2,-40.425163,
32.22,-40.4689659,
32.24,-40.4954089,
32.26,-40.5059902,
32.28,-40.5006522,
32.3,-40.4858509,
32.32,-40.4707082,
32.34,-40.4658493,
32.36,-40.4746517,
32.38,-40.492099,
32.4,-40.5116087,
32.42,-40.5303311,
32.44,-40.5494632,
32.46,-40.5668774,
32.48,-40.5777311,
32.5,-40.5754114,
32.52,-40.5567769,
32.54,-40.5247007,
32.56,-40.4826358,
32.58,-40.437212,
32.6,-40.3962043,
32.62,-40.3677048,
32.64,-40.3612736,
32.66,-40.3764076,
32.68,-40.4032981,
32.7,-40.4234302,
32.72,-40.4189624,
32.74,-40.3802184,
32.76,-40.3099039,
32.78,-40.2191946,
32.8,-40.1249288,
32.82,-40.0441496,
32.84,-39.9947902,
32.86,-39.987848,
32.88,-40.022177,
32.9,-40.0775628,
32.92,-40.1271323,
32.94,-40.1492834,
32.96,-40.1340093,
32.98,-40.0843133,
33,-40.0110386,
33.02,-39.933375,
33.04,-39.8758156,
33.06,-39.8638359,
33.08,-39.9075567,
33.1,-40.0000001,
33.12,-40.1115457,
33.14,-40.2104694,
33.16,-40.270388,
33.18,-40.2789941,
33.2,-40.2396183,
33.22,-40.1690112,
33.24,-40.0925619,
33.26,-40.0409196,
33.28,-40.0400469,
33.3,-40.0982697,
33.32,-40.200864,
33.34,-40.3170178,
33.36,-40.413495,
33.38,-40.4669487,
33.4,-40.4680486,
33.42,-40.4221529,
33.44,-40.3469786,
33.46,-40.2686854,
33.48,-40.2183929,
33.5,-40.2197294,
33.52,-40.2772004,
33.54,-40.3760449,
33.56,-40.4912719,
33.58,-40.5945503,
33.6,-40.6624353,
33.62,-40.6818613,
33.64,-40.6532533,
33.66,-40.5937136,
33.68,-40.5310689,
33.7,-40.4959609,
33.72,-40.5093059,
33.74,-40.5747614,
33.76,-40.6845868,
33.78,-40.8184088,
33.8,-40.9477343,
33.82,-41.0455435,
33.84,-41.0946667,
33.86,-41.0974256,
33.88,-41.0723305,
33.9,-41.0454451,
33.92,-41.0405478,
33.94,-41.0737066,
33.96,-41.1530915,
33.98,-41.274954,
34,-41.4237907,
34.02,-41.5702242,
34.04,-41.6868336,
34.06,-41.7583238,
34.08,-41.7866584,
34.1,-41.7855912,
34.12,-41.7727993,
34.14,-41.7660901,
34.16,-41.7821782,
34.18,-41.8353413,
34.2,-41.9312547,
34.22,-42.0589006,
34.24,-42.1962756,
34.26,-42.318033,
34.28,-42.4085639,
34.3,-42.4617942,
34.32,-42.478993,
34.34,-42.4682534,
34.36,-42.4442829,
34.38,-42.4302531,
34.4,-42.4490028,
34.42,-42.5161633,
34.44,-42.6286392,
34.46,-42.7675198,
34.48,-42.9076853,
34.5,-43.0235373,
34.52,-43.0960538,
34.54,-43.1164225,
34.56,-43.0897294,
34.58,-43.0384357,
34.6,-42.9949192,
34.62,-42.9938155,
34.64,-43.0545941,
34.66,-43.1773177,
34.68,-43.3426712,
34.7,-43.5194364,
34.72,-43.6719918,
34.74,-43.7722538,
34.76,-43.8090746,
34.78,-43.7936021,
34.8,-43.7539011,
34.82,-43.7270465,
34.84,-43.7482828,
34.86,-43.8388879,
34.88,-44.0007892,
34.9,-44.2181206,
34.92,-44.4569755,
34.94,-44.678587,
34.96,-44.8526864,
34.98,-44.9659513,
35,-45.0253884,
35.02,-45.0523856,
35.04,-45.0777517,
35.06,-45.1374903,
35.08,-45.2602845,
35.1,-45.4599166,
35.12,-45.7273342,
35.14,-46.0258128,
35.16,-46.3109931,
35.18,-46.5373692,
35.2,-46.6780686,
35.22,-46.7271123,
35.24,-46.709041,
35.26,-46.6715117,
35.28,-46.6698285,
35.3,-46.7516441,
35.32,-46.9378743,
35.34,-47.2140552,
35.36,-47.535221,
35.38,-47.8382544,
35.4,-48.067178,
35.42,-48.1804903,
35.44,-48.1853926,
35.46,-48.1258633,
35.48,-48.0742165,
35.5,-48.0964716,
35.52,-48.2354629,
35.54,-48.4948563,
35.56,-48.8448055,
35.58,-49.2302849,
35.6,-49.583259,
35.62,-49.8329091,
35.64,-49.9334497,
35.66,-49.8894042,
35.68,-49.7567218,
35.7,-49.6063262,
35.72,-49.5011784,
35.74,-49.4884803,
35.76,-49.5733152,
35.78,-49.7345816,
35.8,-49.9062335,
35.82,-49.9947221,
35.84,-49.9296328,
35.86,-49.7005493,
35.88,-49.3676118,
35.9,-49.0228797,
35.92,-48.738688,
35.94,-48.5544213,
35.96,-48.4867778,
35.98,-48.522154,
36,-48.6228307,
36.02,-48.7175736,
36.04,-48.7348873,
36.06,-48.6352615,
36.08,-48.4396005,
36.1,-48.1998913,
36.12,-47.9740141,
36.14,-47.803845,
36.16,-47.715347,
36.18,-47.716192,
36.2,-47.7970208,
36.22,-47.928236,
36.24,-48.0555334,
36.26,-48.1229861,
36.28,-48.1022095,
36.3,-48.0029935,
36.32,-47.8633471,
36.34,-47.7206282,
36.36,-47.606449,
36.38,-47.5430833,
36.4,-47.5360479,
36.42,-47.5768904,
36.44,-47.6384108,
36.46,-47.6835225,
36.48,-47.6803673,
36.5,-47.617716,
36.52,-47.5077586,
36.54,-47.3739671,
36.56,-47.2378057,
36.58,-47.1236464,
36.6,-47.0511678,
36.62,-47.04022,
36.64,-47.0980419,
36.66,-47.2238264,
36.68,-47.3934766,
36.7,-47.5619402,
36.72,-47.6847845,
36.74,-47.7356406,
36.76,-47.7237977,
36.78,-47.6744822,
36.8,-47.6235632,
36.82,-47.5983206,
36.84,-47.6221021,
36.86,-47.7088037,
36.88,-47.8571206,
36.9,-48.0395189,
36.92,-48.2115097,
36.94,-48.3294508,
36.96,-48.3796769,
36.98,-48.3746638,
37,-48.3407879,
37.02,-48.3029768,
37.04,-48.2795113,
37.06,-48.2883035,
37.08,-48.3448731,
37.1,-48.45706,
37.12,-48.6134579,
37.14,-48.7822681,
37.16,-48.9284073,
37.18,-49.0300006,
37.2,-49.0869314,
37.22,-49.1067359,
37.24,-49.1030177,
37.26,-49.0950957,
37.28,-49.1111966,
37.3,-49.1814035,
37.32,-49.3248138,
37.34,-49.533918,
37.36,-49.7754387,
37.38,-50.0051602,
37.4,-50.1893144,
37.42,-50.3114411,
37.44,-50.3711481,
37.46,-50.3826211,
37.48,-50.3743022,
37.5,-50.3877887,
37.52,-50.4645269,
37.54,-50.6295075,
37.56,-50.8760214,
37.58,-51.164213,
37.6,-51.437627,
37.62,-51.6485742,
37.64,-51.7689529,
37.66,-51.8003234,
37.68,-51.7642394,
37.7,-51.7045426,
37.72,-51.6745151,
37.74,-51.7212717,
37.76,-51.8705591,
37.78,-52.1092155,
37.8,-52.3870951,
37.82,-52.6405875,
37.84,-52.8169561,
37.86,-52.8917361,
37.88,-52.8722145,
37.9,-52.7926758,
37.92,-52.704103,
37.94,-52.6648181,
37.96,-52.7198691,
37.98,-52.8871387,
38,-53.1440469,
38.02,-53.435671,
38.04,-53.6940306,
38.06,-53.8672119,
38.08,-53.9343507,
38.1,-53.9119141,
38.12,-53.8406717,
38.14,-53.7784928,
38.16,-53.7810384,
38.18,-53.8865262,
38.2,-54.0987786,
38.22,-54.3843359,
38.24,-54.6810148,
38.26,-54.9254862,
38.28,-55.0729812,
38.3,-55.1114908,
38.32,-55.0631373,
38.34,-54.968694,
38.36,-54.8757494,
38.38,-54.8224696,
38.4,-54.8296502,
38.42,-54.8964786,
38.44,-54.9959951,
38.46,-55.0857997,
38.48,-55.1169338,
38.5,-55.0498617,
38.52,-54.8714202,
38.54,-54.5966749,
38.56,-54.2681765,
38.58,-53.943427,
38.6,-53.6730436,
38.62,-53.4909173,
38.64,-53.4018785,
38.66,-53.3807712,
38.68,-53.3799618,
38.7,-53.3467873,
38.72,-53.2456247,
38.74,-53.0694188,
38.76,-52.8428272,
38.78,-52.6127126,
38.8,-52.4240506,
38.82,-52.3086312,
38.84,-52.278229,
38.86,-52.3240506,
38.88,-52.4182427,
38.9,-52.521908,
38.92,-52.5964043,
38.94,-52.6164245,
38.96,-52.5827108,
38.98,-52.5156671,
39,-52.4487761,
39.02,-52.4124381,
39.04,-52.4255023,
39.06,-52.4925796,
39.08,-52.6045538,
39.1,-52.7401772,
39.12,-52.8699223,
39.14,-52.9718064,
39.16,-53.0374097,
39.18,-53.0729399,
39.2,-53.0968401,
39.22,-53.126707,
39.24,-53.1752683,
39.26,-53.2428306,
39.28,-53.325816,
39.3,-53.4169256,
39.32,-53.5139393,
39.34,-53.6187132,
39.36,-53.7315138,
39.38,-53.8462293,
39.4,-53.946455,
39.42,-54.0124703,
39.44,-54.0290524,
39.46,-53.9972263,
39.48,-53.9365111,
39.5,-53.8732147,
39.52,-53.833408,
39.54,-53.8359731,
39.56,-53.8856673,
39.58,-53.9707159,
39.6,-54.0623087,
39.62,-54.1221474,
39.64,-54.1314229,
39.66,-54.0934961,
39.68,-54.0307987,
39.7,-53.9681151,
39.72,-53.9270071,
39.74,-53.9196709,
39.76,-53.9564149,
39.78,-54.0395402,
39.8,-54.1548799,
39.82,-54.2776105,
39.84,-54.3784235,
39.86,-54.4441477,
39.88,-54.4790414,
39.9,-54.4923917,
39.92,-54.4937748,
39.94,-54.494693,
39.96,-54.5117602,
39.98,-54.5687417,
40,-54.6814853,
40.02,-54.8497876,
40.04,-55.0523191,
40.06,-55.2571718,
40.08,-55.4402094,
40.1,-55.5852902,
40.12,-55.6867224,
40.14,-55.7519841,
40.16,-55.8027328,
40.18,-55.8726566,
40.2,-56.0032498,
40.22,-56.2186198,
40.24,-56.5164795,
40.26,-56.861754,
40.28,-57.2061961,
40.3,-57.5033949,
40.32,-57.7311586,
40.34,-57.8850293,
40.36,-57.9815632,
40.38,-58.0548562,
40.4,-58.1519038,
40.42,-58.3141969,
40.44,-58.5616224,
40.46,-58.8786824,
40.48,-59.2164756,
40.5,-59.5185003,
40.52,-59.7415679,
40.54,-59.8672568,
40.56,-59.9032588,
40.58,-59.8741008,
40.6,-59.8228886,
40.62,-59.7999409,
40.64,-59.8510195,
40.66,-59.9982628,
40.68,-60.227662,
40.7,-60.4994558,
40.72,-60.7563084,
40.74,-60.9487033,
40.76,-61.0488751,
40.78,-61.0586811,
40.8,-61.0096627,
40.82,-60.954422,
40.84,-60.9540339,
40.86,-61.05878,
40.88,-61.2903585,
40.9,-61.6250334,
40.92,-61.9988875,
40.94,-62.325295,
40.96,-62.5301006,
40.98,-62.5784704,
41,-62.4851193,
41.02,-62.3017148,
41.04,-62.0999515,
41.06,-61.9508035,
41.08,-61.9045,
41.1,-61.9685457,
41.12,-62.1055942,
41.14,-62.2442793,
41.16,-62.3115701,
41.18,-62.265224,
41.2,-62.1049308,
41.22,-61.8668351,
41.24,-61.6122654,
41.26,-61.4043693,
41.28,-61.3025606,
41.3,-61.3328864,
41.32,-61.4805636,
41.34,-61.6873609,
41.36,-61.8722214,
41.38,-61.9636433,
41.4,-61.9266991,
41.42,-61.7700295,
41.44,-61.5308713,
41.46,-61.2675136,
41.48,-61.0417238,
41.5,-60.89741,
41.52,-60.8469922,
41.54,-60.8648214,
41.56,-60.8914405,
41.58,-60.8604086,
41.6,-60.7273593,
41.62,-60.4808002,
41.64,-60.1536143,
41.66,-59.7990921,
41.68,-59.4783302,
41.7,-59.2435047,
41.72,-59.1146947,
41.74,-59.0857155,
41.76,-59.1131254,
41.78,-59.1414047,
41.8,-59.1162632,
41.82,-59.0133165,
41.84,-58.839077,
41.86,-58.6333139,
41.88,-58.4395649,
41.9,-58.2991874,
41.92,-58.2323183,
41.94,-58.242951,
41.96,-58.3134801,
41.98,-58.4185499,
42,-58.5278325,
42.02,-58.6162582,
42.04,-58.6630505,
42.06,-58.6585833,
42.08,-58.6022008,
42.1,-58.5109833,
42.12,-58.4055242,
42.14,-58.3099041,
42.16,-58.2436619,
42.18,-58.2146185,
42.2,-58.2202756,
42.22,-58.2457904,
42.24,-58.2706689,
42.26,-58.2792132,
42.28,-58.2678183,
42.3,-58.2450818,
42.32,-58.2301927,
42.34,-58.2443717,
42.36,-58.3020426,
42.38,-58.4055233,
42.4,-58.5483853,
42.42,-58.7198331,
42.44,-58.9085044,
42.46,-59.1084207,
42.48,-59.3122411,
42.5,-59.5201439,
42.52,-59.7297758,
42.54,-59.9514947,
42.56,-60.1799999,
42.58,-60.4250713,
42.6,-60.6781042,
42.62,-60.9462819,
42.64,-61.2402192,
42.66,-61.57241,
42.68,-61.9479777,
42.7,-62.3540639,
42.72,-62.7703874,
42.74,-63.1714333,
42.76,-63.5413464,
42.78,-63.8758573,
42.8,-64.1833234,
42.82,-64.481823,
42.84,-64.8019613,
42.86,-65.1719243,
42.88,-65.6113853,
42.9,-66.111406,
42.92,-66.6365701,
42.94,-67.1358827,
42.96,-67.5683747,
42.98,-67.9182892,
43,-68.1954287,
43.02,-68.4301949,
43.04,-68.6561783,
43.06,-68.9107007,
43.08,-69.2167202,
43.1,-69.5733138,
43.12,-69.9454512,
43.14,-70.2793299,
43.16,-70.5267565,
43.18,-70.6694682,
43.2,-70.7206472,
43.22,-70.7066317,
43.24,-70.658793,
43.26,-70.6068005,
43.28,-70.571819,
43.3,-70.5621433,
43.32,-70.5697653,
43.34,-70.5700586,
43.36,-70.5396095,
43.38,-70.4642371,
43.4,-70.3410991,
43.42,-70.1730457,
43.44,-69.9705992,
43.46,-69.7497812,
43.48,-69.5328748,
43.5,-69.3505192,
43.52,-69.231541,
43.54,-69.1951625,
43.56,-69.2471428,
43.58,-69.3686341,
43.6,-69.5266307,
43.62,-69.6796103,
43.64,-69.7933899,
43.66,-69.856111,
43.68,-69.8831684,
43.7,-69.9108547,
43.72,-69.9873141,
43.74,-70.157369,
43.76,-70.4462912,
43.78,-70.8493255,
43.8,-71.3239638,
43.82,-71.7996481,
43.84,-72.1989692,
43.86,-72.471018,
43.88,-72.6130845,
43.9,-72.6790143,
43.92,-72.7450751,
43.94,-72.8921207,
43.96,-73.1776439,
43.98,-73.6153779,
44,-74.1646322,
44.02,-74.7277501,
44.04,-75.1665827,
44.06,-75.3634765,
44.08,-75.2965059,
44.1,-75.0469176,
44.12,-74.7386462,
44.14,-74.4933116,
44.16,-74.3897965,
44.18,-74.462037,
44.2,-74.6984518,
44.22,-75.0243537,
44.24,-75.3157325,
44.26,-75.4371285,
44.28,-75.3061126,
44.3,-74.9623713,
44.32,-74.537194,
44.34,-74.161529,
44.36,-73.9399697,
44.38,-73.9304634,
44.4,-74.1274472,
44.42,-74.4661714,
44.44,-74.8090783,
44.46,-74.9618843,
44.48,-74.7952311,
44.5,-74.3303586,
44.52,-73.7403814,
44.54,-73.2018323,
44.56,-72.8367348,
44.58,-72.6921121,
44.6,-72.7567619,
44.62,-72.9578928,
44.64,-73.1602375,
44.66,-73.2157409,
44.68,-72.9923242,
44.7,-72.5108973,
44.72,-71.903326,
44.74,-71.3322856,
44.76,-70.8942691,
44.78,-70.6336432,
44.8,-70.5451626,
44.82,-70.5817985,
44.84,-70.6632399,
44.86,-70.684315,
44.88,-70.5545269,
44.9,-70.2495956,
44.92,-69.8159509,
44.94,-69.3579127,
44.96,-68.9756371,
44.98,-68.7268196,
45,-68.6369052,
45.02,-68.6915448,
45.04,-68.8534659,
45.06,-69.0536148,
45.08,-69.2134585,
45.1,-69.2733771,
45.12,-69.2172225,
45.14,-69.0805059,
45.16,-68.9451758,
45.18,-68.8927903,
45.2,-68.9749045,
45.22,-69.2069377,
45.24,-69.565472,
45.26,-69.9955447,
45.28,-70.422901,
45.3,-70.7682294,
45.32,-70.977785,
45.34,-71.0484665,
45.36,-71.0379359,
45.38,-71.0308191,
45.4,-71.1059927,
45.42,-71.3076635,
45.44,-71.6372903,
45.46,-72.0613744,
45.48,-72.5248476,
45.5,-72.9521057,
45.52,-73.2712056,
45.54,-73.431592,
45.56,-73.4405692,
45.58,-73.3617399,
45.6,-73.2872325,
45.62,-73.2896397,
45.64,-73.4055355,
45.66,-73.6266301,
45.68,-73.9123423,
45.7,-74.2024263,
45.72,-74.4372792,
45.74,-74.5692081,
45.76,-74.5887518,
45.78,-74.5228509,
45.8,-74.4313288,
45.82,-74.3725119,
45.84,-74.3820635,
45.86,-74.4551516,
45.88,-74.5552764,
45.9,-74.6218909,
45.92,-74.5924819,
45.94,-74.4212723,
45.96,-74.0956981,
45.98,-73.6387327,
46,-73.1066544,
46.02,-72.5668221,
46.04,-72.0770597,
46.06,-71.6678559,
46.08,-71.3444624,
46.1,-71.0872935,
46.12,-70.8620567,
46.14,-70.6339402,
46.16,-70.3734422,
46.18,-70.0633429,
46.2,-69.7082488,
46.22,-69.3329485,
46.24,-68.9717315,
46.26,-68.6594715,
46.28,-68.413933,
46.3,-68.2309795,
46.32,-68.0872105,
46.34,-67.9490353,
46.36,-67.7819018,
46.38,-67.5602815,
46.4,-67.2708439,
46.42,-66.9270689,
46.44,-66.5525013,
46.46,-66.1831474,
46.48,-65.849278,
46.5,-65.5642828,
46.52,-65.3241821,
46.54,-65.1085085,
46.56,-64.8927193,
46.58,-64.6545082,
46.6,-64.3796926,
46.62,-64.0662933,
46.64,-63.7295809,
46.66,-63.3913068,
46.68,-63.0788276,
46.7,-62.8117093,
46.72,-62.5987147,
46.74,-62.4366901,
46.76,-62.3122499,
46.78,-62.20982,
46.8,-62.113236,
46.82,-62.0142075,
46.84,-61.911208,
46.86,-61.8084513,
46.88,-61.7171577,
46.9,-61.6493643,
46.92,-61.6149853,
46.94,-61.6235678,
46.96,-61.6761866,
46.98,-61.7663028,
47,-61.8818173,
47.02,-62.0039181,
47.04,-62.1136791,
47.06,-62.1967231,
47.08,-62.2482165,
47.1,-62.2726677,
47.12,-62.2854278,
47.14,-62.3045451,
47.16,-62.3468911,
47.18,-62.4209514,
47.2,-62.5211554,
47.22,-62.6345188,
47.24,-62.7388988,
47.26,-62.8137508,
47.28,-62.8449093,
47.3,-62.8308203,
47.32,-62.7804296,
47.34,-62.7142887,
47.36,-62.6535976,
47.38,-62.6183009,
47.4,-62.6144272,
47.42,-62.6364015,
47.44,-62.6682289,
47.46,-62.6918789,
47.48,-62.6878543,
47.5,-62.6471148,
47.52,-62.5723946,
47.54,-62.4743731,
47.56,-62.3710514,
47.58,-62.2806829,
47.6,-62.213742,
47.62,-62.1725967,
47.64,-62.1472019,
47.66,-62.1205502,
47.68,-62.0753198,
47.7,-61.9948427,
47.72,-61.8741616,
47.74,-61.7191698,
47.76,-61.5423786,
47.78,-61.359256,
47.8,-61.1853882,
47.82,-61.0276338,
47.84,-60.8872069,
47.86,-60.7600046,
47.88,-60.6373484,
47.9,-60.5113318,
47.92,-60.3754103,
47.94,-60.2305154,
47.96,-60.0823846,
47.98,-59.9376861,
48,-59.8075834,
48.02,-59.6995144,
48.04,-59.6226624,
48.06,-59.5877992,
48.08,-59.5969196,
48.1,-59.6518167,
48.12,-59.7449422,
48.14,-59.8655463,
48.16,-59.9982629,
48.18,-60.1284542,
48.2,-60.2463176,
48.22,-60.3499622,
48.24,-60.4452537,
48.26,-60.5446531,
48.28,-60.6594363,
48.3,-60.796294,
48.32,-60.9519981,
48.34,-61.1150858,
48.36,-61.2668106,
48.38,-61.3906982,
48.4,-61.4766508,
48.42,-61.5231038,
48.44,-61.5402,
48.46,-61.543519,
48.48,-61.5522382,
48.5,-61.5801168,
48.52,-61.6337303,
48.54,-61.7096461,
48.56,-61.7979757,
48.58,-61.8873197,
48.6,-61.9706161,
48.62,-62.0461386,
48.64,-62.1156734,
48.66,-62.1887851,
48.68,-62.274473,
48.7,-62.3811004,
48.72,-62.5167445,
48.74,-62.6827665,
48.76,-62.8767854,
48.78,-63.0894821,
48.8,-63.3072632,
48.82,-63.5189156,
48.84,-63.7137162,
48.86,-63.8890312,
48.88,-64.0495252,
48.9,-64.2075402,
48.92,-64.3802675,
48.94,-64.5816355,
48.96,-64.8238814,
48.98,-65.1086645,
49,-65.4296775,
49.02,-65.7717853,
49.04,-66.1182559,
49.06,-66.4505989,
49.08,-66.7592061,
49.1,-67.0413915,
49.12,-67.3052162,
49.14,-67.5654682,
49.16,-67.838255,
49.18,-68.1340569,
49.2,-68.4561413,
49.22,-68.7970818,
49.24,-69.1417498,
49.26,-69.4729561,
49.28,-69.7724953,
49.3,-70.0321353,
49.32,-70.2521405,
49.34,-70.4428202,
49.36,-70.6203585,
49.38,-70.7997934,
49.4,-70.9928628,
49.42,-71.2010348,
49.44,-71.4159389,
49.46,-71.6207234,
49.48,-71.7972833,
49.5,-71.9293534,
49.52,-72.0075638,
49.54,-72.0335598,
49.56,-72.0203786,
49.58,-71.9864787,
49.6,-71.9520222,
49.62,-71.9324414,
49.64,-71.9327861,
49.66,-71.9499574,
49.68,-71.9695773,
49.7,-71.9778504,
49.72,-71.9602785,
49.74,-71.9108518,
49.76,-71.8331662,
49.78,-71.7376939,
49.8,-71.6425976,
49.82,-71.5626584,
49.84,-71.5062856,
49.86,-71.4723769,
49.88,-71.4512506,
49.9,-71.4249964,
49.92,-71.376907,
49.94,-71.2910762,
49.96,-71.1629571,
49.98,-70.9971753,
50,-70.8103409,
